Fexperiment_GHz,Fstandard_GHz
11.71442091,11.74320327
12.69302118,12.72180354
13.61405673,13.72918617
14.70778644,14.7365688
15.62882199,15.74395144
16.60742227,16.72255171
17.64358726,17.72993434
19.65835253,19.74469961
20.6369528,20.72329988
22.59415334,22.73806515
23.68788306,23.74544778
24.66648333,24.72404805
27.71741359,27.74619595
28.69601386,28.75357859
29.73217886,29.76096122
30.76834385,30.73956149
31.74694412,31.74694412
32.7255444,32.75432676
33.76170939,33.76170939